#,time(s),count A,count B,count C,count D
1,0.01,,124,,
2,0.02,,124,,
3,0.03,,124,,
4,0.04,,124,,
5,0.05,,124,,
6,0.06,,124,,
7,0.07,,124,,
8,0.08,,124,,
9,0.09,,124,,
10,0.1,,124,,
11,0.11,,124,,
12,0.12,,124,,
13,0.13,,124,,
14,0.14,,124,,
15,0.15,,124,,
16,0.16,,124,,
17,0.17,,124,,
18,0.18,,124,,
19,0.19,,124,,
20,0.2,,124,,
21,0.21,,124,,
22,0.22,,124,,
23,0.23,,124,,
24,0.24,,124,,
25,0.25,,124,,
26,0.26,,124,,
27,0.27,,124,,
28,0.28,,124,,
29,0.29,,124,,
30,0.3,,123,,
31,0.31,,122,,
32,0.32,,120,,
33,0.33,,118,,
34,0.34,,115,,
35,0.35,,112,,
36,0.36,,108,,
37,0.37,,105,,
38,0.38,,100,,
39,0.39,,96,,
40,0.4,,91,,
41,0.41,,85,,
42,0.42,,80,,
43,0.43,,74,,
44,0.44,,67,,
45,0.45,,61,,
46,0.46,,54,,
47,0.47,,47,,
48,0.48,,40,,
49,0.49,,33,,
50,0.5,,26,,
51,0.51,,18,,
52,0.52,,11,,
53,0.53,,3,,
54,0.54,,-4,,
55,0.55,,-12,,
56,0.56,,-19,,
57,0.57,,-26,,
58,0.58,,-33,,
59,0.59,,-40,,
60,0.6,,-47,,
61,0.61,,-54,,
62,0.62,,-60,,
63,0.63,,-66,,
64,0.64,,-72,,
65,0.65,,-77,,
66,0.66,,-82,,
67,0.67,,-87,,
68,0.68,,-92,,
69,0.69,,-96,,
70,0.7,,-100,,
71,0.71,,-103,,
72,0.72,,-106,,
73,0.73,,-109,,
74,0.74,,-111,,
75,0.75,,-112,,
76,0.76,,-114,,
77,0.77,,-114,,
78,0.78,,-115,,
79,0.79,,-114,,
80,0.8,,-114,,
81,0.81,,-113,,
82,0.82,,-112,,
83,0.83,,-110,,
84,0.84,,-108,,
85,0.85,,-105,,
86,0.86,,-102,,
87,0.87,,-98,,
88,0.88,,-94,,
89,0.89,,-90,,
90,0.9,,-86,,
91,0.91,,-81,,
92,0.92,,-76,,
93,0.93,,-70,,
94,0.94,,-64,,
95,0.95,,-58,,
96,0.96,,-52,,
97,0.97,,-46,,
98,0.98,,-40,,
99,0.99,,-33,,
100,1,,-26,,
101,1.01,,-19,,
102,1.02,,-12,,
103,1.03,,-6,,
104,1.04,,2,,
105,1.05,,8,,
106,1.06,,15,,
107,1.07,,22,,
108,1.08,,28,,
109,1.09,,35,,
110,1.1,,41,,
111,1.11,,48,,
112,1.12,,54,,
113,1.13,,59,,
114,1.14,,65,,
115,1.15,,70,,
116,1.16,,75,,
117,1.17,,80,,
118,1.18,,84,,
119,1.19,,88,,
120,1.2,,92,,
121,1.21,,95,,
122,1.22,,98,,
123,1.23,,100,,
124,1.24,,102,,
125,1.25,,104,,
126,1.26,,106,,
127,1.27,,106,,
128,1.28,,107,,
129,1.29,,107,,
130,1.3,,107,,
131,1.31,,106,,
132,1.32,,105,,
133,1.33,,103,,
134,1.34,,101,,
135,1.35,,99,,
136,1.36,,96,,
137,1.37,,93,,
138,1.38,,90,,
139,1.39,,86,,
140,1.4,,82,,
141,1.41,,78,,
142,1.42,,73,,
143,1.43,,68,,
144,1.44,,63,,
145,1.45,,57,,
146,1.46,,52,,
147,1.47,,46,,
148,1.48,,40,,
149,1.49,,34,,
150,1.5,,28,,
151,1.51,,21,,
152,1.52,,15,,
153,1.53,,8,,
154,1.54,,2,,
155,1.55,,-4,,
156,1.56,,-11,,
157,1.57,,-17,,
158,1.58,,-23,,
159,1.59,,-30,,
160,1.6,,-35,,
161,1.61,,-41,,
162,1.62,,-47,,
163,1.63,,-52,,
164,1.64,,-58,,
165,1.65,,-62,,
166,1.66,,-67,,
167,1.67,,-72,,
168,1.68,,-76,,
169,1.69,,-80,,
170,1.7,,-83,,
171,1.71,,-86,,
172,1.72,,-90,,
173,1.73,,-92,,
174,1.74,,-94,,
175,1.75,,-96,,
176,1.76,,-97,,
177,1.77,,-98,,
178,1.78,,-99,,
179,1.79,,-99,,
180,1.8,,-99,,
181,1.81,,-98,,
182,1.82,,-98,,
183,1.83,,-96,,
184,1.84,,-94,,
185,1.85,,-92,,
186,1.86,,-90,,
187,1.87,,-88,,
188,1.88,,-84,,
189,1.89,,-81,,
190,1.9,,-78,,
191,1.91,,-73,,
192,1.92,,-69,,
193,1.93,,-65,,
194,1.94,,-60,,
195,1.95,,-55,,
196,1.96,,-50,,
197,1.97,,-44,,
198,1.98,,-39,,
199,1.99,,-34,,
200,2,,-28,,
201,2.01,,-22,,
202,2.02,,-16,,
203,2.03,,-10,,
204,2.04,,-4,,
205,2.05,,2,,
206,2.06,,8,,
207,2.07,,14,,
208,2.08,,20,,
209,2.09,,25,,
210,2.1,,31,,
211,2.11,,36,,
212,2.12,,42,,
213,2.13,,47,,
214,2.14,,52,,
215,2.15,,56,,
216,2.16,,61,,
217,2.17,,65,,
218,2.18,,69,,
219,2.19,,73,,
220,2.2,,76,,
221,2.21,,80,,
222,2.22,,82,,
223,2.23,,85,,
224,2.24,,87,,
225,2.25,,89,,
226,2.26,,90,,
227,2.27,,91,,
228,2.28,,92,,
229,2.29,,92,,
230,2.3,,92,,
231,2.31,,92,,
232,2.32,,91,,
233,2.33,,90,,
234,2.34,,89,,
235,2.35,,87,,
236,2.36,,85,,
237,2.37,,83,,
238,2.38,,80,,
239,2.39,,77,,
240,2.4,,74,,
241,2.41,,70,,
242,2.42,,66,,
243,2.43,,62,,
244,2.44,,58,,
245,2.45,,54,,
246,2.46,,49,,
247,2.47,,44,,
248,2.48,,39,,
249,2.49,,34,,
250,2.5,,28,,
251,2.51,,23,,
252,2.52,,18,,
253,2.53,,12,,
254,2.54,,7,,
255,2.55,,1,,
256,2.56,,-4,,
257,2.57,,-10,,
258,2.58,,-15,,
259,2.59,,-21,,
260,2.6,,-26,,
261,2.61,,-31,,
262,2.62,,-36,,
263,2.63,,-41,,
264,2.64,,-46,,
265,2.65,,-50,,
266,2.66,,-54,,
267,2.67,,-58,,
268,2.68,,-62,,
269,2.69,,-66,,
270,2.7,,-69,,
271,2.71,,-72,,
272,2.72,,-75,,
273,2.73,,-78,,
274,2.74,,-80,,
275,2.75,,-81,,
276,2.76,,-83,,
277,2.77,,-84,,
278,2.78,,-85,,
279,2.79,,-85,,
280,2.8,,-86,,
281,2.81,,-85,,
282,2.82,,-85,,
283,2.83,,-84,,
284,2.84,,-83,,
285,2.85,,-82,,
286,2.86,,-80,,
287,2.87,,-78,,
288,2.88,,-75,,
289,2.89,,-72,,
290,2.9,,-70,,
291,2.91,,-66,,
292,2.92,,-63,,
293,2.93,,-59,,
294,2.94,,-56,,
295,2.95,,-52,,
296,2.96,,-47,,
297,2.97,,-43,,
298,2.98,,-38,,
299,2.99,,-33,,
300,3,,-28,,
301,3.01,,-24,,
302,3.02,,-18,,
303,3.03,,-13,,
304,3.04,,-8,,
305,3.05,,-3,,
306,3.06,,2,,
307,3.07,,7,,
308,3.08,,12,,
309,3.09,,17,,
310,3.1,,22,,
311,3.11,,27,,
312,3.12,,32,,
313,3.13,,36,,
314,3.14,,41,,
315,3.15,,45,,
316,3.16,,49,,
317,3.17,,53,,
318,3.18,,56,,
319,3.19,,60,,
320,3.2,,63,,
321,3.21,,66,,
322,3.22,,69,,
323,3.23,,71,,
324,3.24,,73,,
325,3.25,,75,,
326,3.26,,77,,
327,3.27,,78,,
328,3.28,,79,,
329,3.29,,80,,
330,3.3,,80,,
331,3.31,,80,,
332,3.32,,79,,
333,3.33,,79,,
334,3.34,,78,,
335,3.35,,76,,
336,3.36,,75,,
337,3.37,,73,,
338,3.38,,71,,
339,3.39,,69,,
340,3.4,,66,,
341,3.41,,64,,
342,3.42,,60,,
343,3.43,,57,,
344,3.44,,54,,
345,3.45,,50,,
346,3.46,,46,,
347,3.47,,42,,
348,3.48,,38,,
349,3.49,,33,,
350,3.5,,29,,
351,3.51,,24,,
352,3.52,,20,,
353,3.53,,15,,
354,3.54,,10,,
355,3.55,,6,,
356,3.56,,1,,
357,3.57,,-4,,
358,3.58,,-9,,
359,3.59,,-14,,
360,3.6,,-18,,
361,3.61,,-23,,
362,3.62,,-27,,
363,3.63,,-32,,
364,3.64,,-36,,
365,3.65,,-40,,
366,3.66,,-44,,
367,3.67,,-47,,
368,3.68,,-51,,
369,3.69,,-54,,
370,3.7,,-57,,
371,3.71,,-60,,
372,3.72,,-62,,
373,3.73,,-65,,
374,3.74,,-67,,
375,3.75,,-69,,
376,3.76,,-70,,
377,3.77,,-72,,
378,3.78,,-72,,
379,3.79,,-73,,
380,3.8,,-74,,
381,3.81,,-74,,
382,3.82,,-74,,
383,3.83,,-73,,
384,3.84,,-72,,
385,3.85,,-72,,
386,3.86,,-70,,
387,3.87,,-68,,
388,3.88,,-67,,
389,3.89,,-65,,
390,3.9,,-62,,
391,3.91,,-60,,
392,3.92,,-57,,
393,3.93,,-54,,
394,3.94,,-51,,
395,3.95,,-48,,
396,3.96,,-44,,
397,3.97,,-40,,
398,3.98,,-36,,
399,3.99,,-32,,
400,4,,-28,,
401,4.01,,-24,,
402,4.02,,-20,,
403,4.03,,-16,,
404,4.04,,-11,,
405,4.05,,-7,,
406,4.06,,-2,,
407,4.07,,2,,
408,4.08,,6,,
409,4.09,,11,,
410,4.1,,15,,
411,4.11,,20,,
412,4.12,,24,,
413,4.13,,28,,
414,4.14,,32,,
415,4.15,,36,,
416,4.16,,39,,
417,4.17,,42,,
418,4.18,,46,,
419,4.19,,49,,
420,4.2,,52,,
421,4.21,,55,,
422,4.22,,57,,
423,4.23,,60,,
424,4.24,,62,,
425,4.25,,63,,
426,4.26,,65,,
427,4.27,,66,,
428,4.28,,67,,
429,4.29,,68,,
430,4.3,,68,,
431,4.31,,69,,
432,4.32,,69,,
433,4.33,,68,,
434,4.34,,68,,
435,4.35,,67,,
436,4.36,,66,,
437,4.37,,65,,
438,4.38,,63,,
439,4.39,,62,,
440,4.4,,60,,
441,4.41,,57,,
442,4.42,,54,,
443,4.43,,52,,
444,4.44,,49,,
445,4.45,,46,,
446,4.46,,43,,
447,4.47,,39,,
448,4.48,,36,,
449,4.49,,32,,
450,4.5,,28,,
451,4.51,,25,,
452,4.52,,21,,
453,4.53,,17,,
454,4.54,,13,,
455,4.55,,8,,
456,4.56,,4,,
457,4.57,,0,,
458,4.58,,-4,,
459,4.59,,-8,,
460,4.6,,-12,,
461,4.61,,-16,,
462,4.62,,-20,,
463,4.63,,-24,,
464,4.64,,-27,,
465,4.65,,-31,,
466,4.66,,-34,,
467,4.67,,-38,,
468,4.68,,-41,,
469,4.69,,-44,,
470,4.7,,-47,,
471,4.71,,-50,,
472,4.72,,-52,,
473,4.73,,-54,,
474,4.74,,-56,,
475,4.75,,-58,,
476,4.76,,-59,,
477,4.77,,-60,,
478,4.78,,-62,,
479,4.79,,-62,,
480,4.8,,-63,,
481,4.81,,-64,,
482,4.82,,-64,,
483,4.83,,-64,,
484,4.84,,-63,,
485,4.85,,-62,,
486,4.86,,-62,,
487,4.87,,-60,,
488,4.88,,-59,,
489,4.89,,-58,,
490,4.9,,-56,,
491,4.91,,-54,,
492,4.92,,-52,,
493,4.93,,-49,,
494,4.94,,-46,,
495,4.95,,-44,,
496,4.96,,-41,,
497,4.97,,-38,,
498,4.98,,-34,,
499,4.99,,-31,,
500,5,,-28,,
501,5.01,,-24,,
502,5.02,,-20,,
503,5.03,,-17,,
504,5.04,,-13,,
505,5.05,,-9,,
506,5.06,,-6,,
507,5.07,,-2,,
508,5.08,,2,,
509,5.09,,6,,
510,5.1,,10,,
511,5.11,,14,,
512,5.12,,17,,
513,5.13,,21,,
514,5.14,,24,,
515,5.15,,28,,
516,5.16,,31,,
517,5.17,,34,,
518,5.18,,37,,
519,5.19,,40,,
520,5.2,,42,,
521,5.21,,45,,
522,5.22,,47,,
523,5.23,,50,,
524,5.24,,51,,
525,5.25,,53,,
526,5.26,,55,,
527,5.27,,56,,
528,5.28,,57,,
529,5.29,,58,,
530,5.3,,58,,
531,5.31,,59,,
532,5.32,,59,,
533,5.33,,59,,
534,5.34,,59,,
535,5.35,,58,,
536,5.36,,58,,
537,5.37,,57,,
538,5.38,,56,,
539,5.39,,54,,
540,5.4,,53,,
541,5.41,,51,,
542,5.42,,49,,
543,5.43,,47,,
544,5.44,,44,,
545,5.45,,42,,
546,5.46,,39,,
547,5.47,,36,,
548,5.48,,34,,
549,5.49,,30,,
550,5.5,,28,,
551,5.51,,24,,
552,5.52,,21,,
553,5.53,,18,,
554,5.54,,14,,
555,5.55,,11,,
556,5.56,,7,,
557,5.57,,4,,
558,5.58,,0,,
559,5.59,,-4,,
560,5.6,,-7,,
561,5.61,,-10,,
562,5.62,,-14,,
563,5.63,,-17,,
564,5.64,,-20,,
565,5.65,,-24,,
566,5.66,,-27,,
567,5.67,,-30,,
568,5.68,,-33,,
569,5.69,,-36,,
570,5.7,,-38,,
571,5.71,,-40,,
572,5.72,,-43,,
573,5.73,,-45,,
574,5.74,,-47,,
575,5.75,,-48,,
576,5.76,,-50,,
577,5.77,,-51,,
578,5.78,,-52,,
579,5.79,,-53,,
580,5.8,,-54,,
581,5.81,,-54,,
582,5.82,,-55,,
583,5.83,,-55,,
584,5.84,,-55,,
585,5.85,,-54,,
586,5.86,,-54,,
587,5.87,,-53,,
588,5.88,,-52,,
589,5.89,,-51,,
590,5.9,,-49,,
591,5.91,,-48,,
592,5.92,,-46,,
593,5.93,,-44,,
594,5.94,,-42,,
595,5.95,,-40,,
596,5.96,,-38,,
597,5.97,,-35,,
598,5.98,,-32,,
599,5.99,,-30,,
600,6,,-26,,
601,6.01,,-24,,
602,6.02,,-20,,
603,6.03,,-18,,
604,6.04,,-14,,
605,6.05,,-11,,
606,6.06,,-8,,
607,6.07,,-4,,
608,6.08,,-1,,
609,6.09,,2,,
610,6.1,,5,,
611,6.11,,8,,
612,6.12,,12,,
613,6.13,,15,,
614,6.14,,18,,
615,6.15,,21,,
616,6.16,,24,,
617,6.17,,27,,
618,6.18,,30,,
619,6.19,,32,,
620,6.2,,34,,
621,6.21,,37,,
622,6.22,,39,,
623,6.23,,41,,
624,6.24,,43,,
625,6.25,,44,,
626,6.26,,46,,
627,6.27,,47,,
628,6.28,,48,,
629,6.29,,49,,
630,6.3,,50,,
631,6.31,,51,,
632,6.32,,51,,
633,6.33,,51,,
634,6.34,,51,,
635,6.35,,51,,
636,6.36,,50,,
637,6.37,,50,,
638,6.38,,49,,
639,6.39,,48,,
640,6.4,,47,,
641,6.41,,46,,
642,6.42,,44,,
643,6.43,,42,,
644,6.44,,40,,
645,6.45,,38,,
646,6.46,,36,,
647,6.47,,34,,
648,6.48,,32,,
649,6.49,,29,,
650,6.5,,26,,
651,6.51,,24,,
652,6.52,,21,,
653,6.53,,18,,
654,6.54,,15,,
655,6.55,,12,,
656,6.56,,9,,
657,6.57,,6,,
658,6.58,,3,,
659,6.59,,0,,
660,6.6,,-3,,
661,6.61,,-6,,
662,6.62,,-9,,
663,6.63,,-12,,
664,6.64,,-15,,
665,6.65,,-18,,
666,6.66,,-21,,
667,6.67,,-23,,
668,6.68,,-26,,
669,6.69,,-28,,
670,6.7,,-31,,
671,6.71,,-33,,
672,6.72,,-35,,
673,6.73,,-37,,
674,6.74,,-39,,
675,6.75,,-40,,
676,6.76,,-42,,
677,6.77,,-43,,
678,6.78,,-44,,
679,6.79,,-45,,
680,6.8,,-46,,
681,6.81,,-46,,
682,6.82,,-47,,
683,6.83,,-47,,
684,6.84,,-48,,
685,6.85,,-47,,
686,6.86,,-47,,
687,6.87,,-46,,
688,6.88,,-46,,
689,6.89,,-45,,
690,6.9,,-44,,
691,6.91,,-42,,
692,6.92,,-41,,
693,6.93,,-40,,
694,6.94,,-38,,
695,6.95,,-36,,
696,6.96,,-34,,
697,6.97,,-32,,
698,6.98,,-30,,
699,6.99,,-28,,
700,7,,-26,,
701,7.01,,-23,,
702,7.02,,-20,,
703,7.03,,-18,,
704,7.04,,-15,,
705,7.05,,-12,,
706,7.06,,-10,,
707,7.07,,-7,,
708,7.08,,-4,,
709,7.09,,-1,,
710,7.1,,2,,
711,7.11,,5,,
712,7.12,,8,,
713,7.13,,10,,
714,7.14,,13,,
715,7.15,,16,,
716,7.16,,18,,
717,7.17,,21,,
718,7.18,,23,,
719,7.19,,26,,
720,7.2,,28,,
721,7.21,,30,,
722,7.22,,32,,
723,7.23,,34,,
724,7.24,,35,,
725,7.25,,37,,
726,7.26,,38,,
727,7.27,,40,,
728,7.28,,41,,
729,7.29,,42,,
730,7.3,,42,,
731,7.31,,43,,
732,7.32,,44,,
733,7.33,,44,,
734,7.34,,44,,
735,7.35,,44,,
736,7.36,,44,,
737,7.37,,44,,
738,7.38,,43,,
739,7.39,,42,,
740,7.4,,42,,
741,7.41,,40,,
742,7.42,,39,,
743,7.43,,38,,
744,7.44,,36,,
745,7.45,,35,,
746,7.46,,33,,
747,7.47,,31,,
748,7.48,,29,,
749,7.49,,27,,
750,7.5,,25,,
751,7.51,,23,,
752,7.52,,20,,
753,7.53,,18,,
754,7.54,,16,,
755,7.55,,13,,
756,7.56,,10,,
757,7.57,,8,,
758,7.58,,5,,
759,7.59,,2,,
760,7.6,,0,,
761,7.61,,-3,,
762,7.62,,-5,,
763,7.63,,-8,,
764,7.64,,-10,,
765,7.65,,-13,,
766,7.66,,-15,,
767,7.67,,-18,,
768,7.68,,-20,,
769,7.69,,-22,,
770,7.7,,-24,,
771,7.71,,-26,,
772,7.72,,-28,,
773,7.73,,-30,,
774,7.74,,-32,,
775,7.75,,-34,,
776,7.76,,-35,,
777,7.77,,-36,,
778,7.78,,-37,,
779,7.79,,-38,,
780,7.8,,-39,,
781,7.81,,-40,,
782,7.82,,-40,,
783,7.83,,-41,,
784,7.84,,-41,,
785,7.85,,-41,,
786,7.86,,-41,,
787,7.87,,-40,,
788,7.88,,-40,,
789,7.89,,-40,,
790,7.9,,-39,,
791,7.91,,-38,,
792,7.92,,-37,,
793,7.93,,-36,,
794,7.94,,-34,,
795,7.95,,-33,,
796,7.96,,-32,,
797,7.97,,-30,,
798,7.98,,-28,,
799,7.99,,-26,,
800,8,,-24,,
801,8.01,,-22,,
802,8.02,,-20,,
803,8.03,,-18,,
804,8.04,,-15,,
805,8.05,,-13,,
806,8.06,,-11,,
807,8.07,,-8,,
808,8.08,,-6,,
809,8.09,,-4,,
810,8.1,,-1,,
811,8.11,,2,,
812,8.12,,4,,
813,8.13,,6,,
814,8.14,,9,,
815,8.15,,11,,
816,8.16,,14,,
817,8.17,,16,,
818,8.18,,18,,
819,8.19,,20,,
820,8.2,,22,,
821,8.21,,24,,
822,8.22,,26,,
823,8.23,,28,,
824,8.24,,29,,
825,8.25,,30,,
826,8.26,,32,,
827,8.27,,33,,
828,8.28,,34,,
829,8.29,,35,,
830,8.3,,36,,
831,8.31,,37,,
832,8.32,,37,,
833,8.33,,38,,
834,8.34,,38,,
835,8.35,,38,,
836,8.36,,38,,
837,8.37,,38,,
838,8.38,,38,,
839,8.39,,37,,
840,8.4,,37,,
841,8.41,,36,,
842,8.42,,35,,
843,8.43,,34,,
844,8.44,,33,,
845,8.45,,32,,
846,8.46,,30,,
847,8.47,,29,,
848,8.48,,27,,
849,8.49,,26,,
850,8.5,,24,,
851,8.51,,22,,
852,8.52,,20,,
853,8.53,,18,,
854,8.54,,16,,
855,8.55,,14,,
856,8.56,,12,,
857,8.57,,9,,
858,8.58,,7,,
859,8.59,,4,,
860,8.6,,2,,
861,8.61,,0,,
862,8.62,,-2,,
863,8.63,,-4,,
864,8.64,,-7,,
865,8.65,,-9,,
866,8.66,,-11,,
867,8.67,,-13,,
868,8.68,,-15,,
869,8.69,,-17,,
870,8.7,,-19,,
871,8.71,,-21,,
872,8.72,,-23,,
873,8.73,,-24,,
874,8.74,,-26,,
875,8.75,,-28,,
876,8.76,,-29,,
877,8.77,,-30,,
878,8.78,,-31,,
879,8.79,,-32,,
880,8.8,,-33,,
881,8.81,,-34,,
882,8.82,,-34,,
883,8.83,,-35,,
884,8.84,,-35,,
885,8.85,,-35,,
886,8.86,,-35,,
887,8.87,,-35,,
888,8.88,,-35,,
889,8.89,,-35,,
890,8.9,,-34,,
891,8.91,,-34,,
892,8.92,,-33,,
893,8.93,,-32,,
894,8.94,,-31,,
895,8.95,,-30,,
896,8.96,,-29,,
897,8.97,,-27,,
898,8.98,,-26,,
899,8.99,,-24,,
900,9,,-23,,
901,9.01,,-21,,
902,9.02,,-19,,
903,9.03,,-18,,
904,9.04,,-16,,
905,9.05,,-14,,
906,9.06,,-12,,
907,9.07,,-10,,
908,9.08,,-8,,
909,9.09,,-6,,
910,9.1,,-3,,
911,9.11,,-1,,
912,9.12,,1,,
913,9.13,,3,,
914,9.14,,5,,
915,9.15,,7,,
916,9.16,,9,,
917,9.17,,11,,
918,9.18,,13,,
919,9.19,,15,,
920,9.2,,17,,
921,9.21,,18,,
922,9.22,,20,,
923,9.23,,22,,
924,9.24,,24,,
925,9.25,,25,,
926,9.26,,26,,
927,9.27,,27,,
928,9.28,,28,,
929,9.29,,30,,
930,9.3,,30,,
931,9.31,,31,,
932,9.32,,32,,
933,9.33,,32,,
934,9.34,,32,,
935,9.35,,33,,
936,9.36,,33,,
937,9.37,,33,,
938,9.38,,33,,
939,9.39,,32,,
940,9.4,,32,,
941,9.41,,32,,
942,9.42,,31,,
943,9.43,,30,,
944,9.44,,29,,
945,9.45,,28,,
946,9.46,,27,,
947,9.47,,26,,
948,9.48,,25,,
949,9.49,,24,,
950,9.5,,22,,
951,9.51,,20,,
952,9.52,,19,,
953,9.53,,17,,
954,9.54,,16,,
955,9.55,,14,,
956,9.56,,12,,
957,9.57,,10,,
958,9.58,,8,,
959,9.59,,6,,
960,9.6,,4,,
961,9.61,,2,,
962,9.62,,0,,
963,9.63,,-2,,
964,9.64,,-4,,
965,9.65,,-6,,
966,9.66,,-7,,
967,9.67,,-9,,
968,9.68,,-11,,
969,9.69,,-13,,
970,9.7,,-14,,
971,9.71,,-16,,
972,9.72,,-18,,
973,9.73,,-20,,
974,9.74,,-21,,
975,9.75,,-22,,
976,9.76,,-24,,
977,9.77,,-24,,
978,9.78,,-26,,
979,9.79,,-27,,
980,9.8,,-28,,
981,9.81,,-28,,
982,9.82,,-29,,
983,9.83,,-30,,
984,9.84,,-30,,
985,9.85,,-30,,
986,9.86,,-30,,
987,9.87,,-30,,
988,9.88,,-30,,
989,9.89,,-30,,
990,9.9,,-30,,
991,9.91,,-30,,
992,9.92,,-29,,
993,9.93,,-28,,
994,9.94,,-28,,
995,9.95,,-27,,
996,9.96,,-26,,
997,9.97,,-25,,
998,9.98,,-24,,
999,9.99,,-23,,
1000,10,,-21,,
1001,10.01,,-20,,
1002,10.02,,-18,,
1003,10.03,,-17,,
1004,10.04,,-16,,
1005,10.05,,-14,,
1006,10.06,,-12,,
1007,10.07,,-10,,
1008,10.08,,-9,,
1009,10.09,,-7,,
1010,10.1,,-5,,
1011,10.11,,-3,,
1012,10.12,,-1,,
1013,10.13,,0,,
1014,10.14,,2,,
1015,10.15,,4,,
1016,10.16,,6,,
1017,10.17,,8,,
1018,10.18,,9,,
1019,10.19,,11,,
1020,10.2,,12,,
1021,10.21,,14,,
1022,10.22,,16,,
1023,10.23,,17,,
1024,10.24,,18,,
1025,10.25,,20,,
1026,10.26,,21,,
1027,10.27,,22,,
1028,10.28,,23,,
1029,10.29,,24,,
1030,10.3,,25,,
1031,10.31,,26,,
1032,10.32,,26,,
1033,10.33,,27,,
1034,10.34,,28,,
1035,10.35,,28,,
1036,10.36,,28,,
1037,10.37,,28,,
1038,10.38,,28,,
1039,10.39,,28,,
1040,10.4,,28,,
1041,10.41,,28,,
1042,10.42,,28,,
1043,10.43,,27,,
1044,10.44,,26,,
1045,10.45,,26,,
1046,10.46,,25,,
1047,10.47,,24,,
1048,10.48,,23,,
1049,10.49,,22,,
1050,10.5,,21,,
1051,10.51,,20,,
1052,10.52,,18,,
1053,10.53,,17,,
1054,10.54,,16,,
1055,10.55,,14,,
1056,10.56,,12,,
1057,10.57,,11,,
1058,10.58,,9,,
1059,10.59,,8,,
1060,10.6,,6,,
1061,10.61,,4,,
1062,10.62,,2,,
1063,10.63,,1,,
1064,10.64,,-1,,
1065,10.65,,-2,,
1066,10.66,,-4,,
1067,10.67,,-6,,
1068,10.68,,-8,,
1069,10.69,,-9,,
1070,10.7,,-11,,
1071,10.71,,-12,,
1072,10.72,,-14,,
1073,10.73,,-15,,
1074,10.74,,-16,,
1075,10.75,,-18,,
1076,10.76,,-19,,
1077,10.77,,-20,,
1078,10.78,,-21,,
1079,10.79,,-22,,
1080,10.8,,-23,,
1081,10.81,,-24,,
1082,10.82,,-24,,
1083,10.83,,-25,,
1084,10.84,,-26,,
1085,10.85,,-26,,
1086,10.86,,-26,,
1087,10.87,,-26,,
1088,10.88,,-26,,
1089,10.89,,-26,,
1090,10.9,,-26,,
1091,10.91,,-26,,
1092,10.92,,-26,,
1093,10.93,,-25,,
1094,10.94,,-25,,
1095,10.95,,-24,,
1096,10.96,,-24,,
1097,10.97,,-23,,
1098,10.98,,-22,,
1099,10.99,,-21,,
1100,11,,-20,,
1101,11.01,,-19,,
1102,11.02,,-18,,
1103,11.03,,-16,,
1104,11.04,,-15,,
1105,11.05,,-14,,
1106,11.06,,-12,,
1107,11.07,,-11,,
1108,11.08,,-10,,
1109,11.09,,-8,,
1110,11.1,,-6,,
1111,11.11,,-5,,
1112,11.12,,-3,,
1113,11.13,,-2,,
1114,11.14,,0,,
1115,11.15,,1,,
1116,11.16,,3,,
1117,11.17,,4,,
1118,11.18,,6,,
1119,11.19,,8,,
1120,11.2,,9,,
1121,11.21,,10,,
1122,11.22,,12,,
1123,11.23,,13,,
1124,11.24,,14,,
1125,11.25,,16,,
1126,11.26,,17,,
1127,11.27,,18,,
1128,11.28,,19,,
1129,11.29,,20,,
1130,11.3,,21,,
1131,11.31,,22,,
1132,11.32,,22,,
1133,11.33,,23,,
1134,11.34,,23,,
1135,11.35,,24,,
1136,11.36,,24,,
1137,11.37,,24,,
1138,11.38,,24,,
1139,11.39,,24,,
1140,11.4,,24,,
1141,11.41,,24,,
1142,11.42,,24,,
1143,11.43,,24,,
1144,11.44,,24,,
1145,11.45,,23,,
1146,11.46,,22,,
1147,11.47,,22,,
1148,11.48,,21,,
1149,11.49,,20,,
1150,11.5,,19,,
1151,11.51,,18,,
1152,11.52,,17,,
1153,11.53,,16,,
1154,11.54,,15,,
1155,11.55,,14,,
1156,11.56,,13,,
1157,11.57,,11,,
1158,11.58,,10,,
1159,11.59,,8,,
1160,11.6,,7,,
1161,11.61,,6,,
1162,11.62,,4,,
1163,11.63,,3,,
1164,11.64,,2,,
1165,11.65,,0,,
1166,11.66,,-2,,
1167,11.67,,-3,,
1168,11.68,,-4,,
1169,11.69,,-6,,
1170,11.7,,-7,,
1171,11.71,,-8,,
1172,11.72,,-10,,
1173,11.73,,-11,,
1174,11.74,,-12,,
1175,11.75,,-14,,
1176,11.76,,-15,,
1177,11.77,,-16,,
1178,11.78,,-17,,
1179,11.79,,-18,,
1180,11.8,,-18,,
1181,11.81,,-20,,
1182,11.82,,-20,,
1183,11.83,,-21,,
1184,11.84,,-21,,
1185,11.85,,-22,,
1186,11.86,,-22,,
1187,11.87,,-22,,
1188,11.88,,-23,,
1189,11.89,,-23,,
1190,11.9,,-23,,
1191,11.91,,-23,,
1192,11.92,,-23,,
1193,11.93,,-22,,
1194,11.94,,-22,,
1195,11.95,,-22,,
1196,11.96,,-21,,
1197,11.97,,-21,,
1198,11.98,,-20,,
1199,11.99,,-20,,
1200,12,,-19,,
1201,12.01,,-18,,
1202,12.02,,-17,,
1203,12.03,,-16,,
1204,12.04,,-15,,
1205,12.05,,-14,,
1206,12.06,,-13,,
1207,12.07,,-12,,
1208,12.08,,-10,,
1209,12.09,,-9,,
1210,12.1,,-8,,
1211,12.11,,-6,,
1212,12.12,,-5,,
1213,12.13,,-4,,
1214,12.14,,-2,,
1215,12.15,,-1,,
1216,12.16,,0,,
1217,12.17,,2,,
1218,12.18,,3,,
1219,12.19,,4,,
1220,12.2,,6,,
1221,12.21,,7,,
1222,12.22,,8,,
1223,12.23,,10,,
1224,12.24,,10,,
1225,12.25,,12,,
1226,12.26,,13,,
1227,12.27,,14,,
1228,12.28,,15,,
1229,12.29,,16,,
1230,12.3,,16,,
1231,12.31,,17,,
1232,12.32,,18,,
1233,12.33,,19,,
1234,12.34,,19,,
1235,12.35,,20,,
1236,12.36,,20,,
1237,12.37,,20,,
1238,12.38,,21,,
1239,12.39,,21,,
1240,12.4,,21,,
1241,12.41,,21,,
1242,12.42,,21,,
1243,12.43,,21,,
1244,12.44,,21,,
1245,12.45,,20,,
1246,12.46,,20,,
1247,12.47,,20,,
1248,12.48,,19,,
1249,12.49,,18,,
1250,12.5,,18,,
1251,12.51,,17,,
1252,12.52,,16,,
1253,12.53,,16,,
1254,12.54,,14,,
1255,12.55,,14,,
1256,12.56,,13,,
1257,12.57,,12,,
1258,12.58,,10,,
1259,12.59,,9,,
1260,12.6,,8,,
1261,12.61,,7,,
1262,12.62,,6,,
1263,12.63,,4,,
1264,12.64,,3,,
1265,12.65,,2,,
1266,12.66,,1,,
1267,12.67,,0,,
1268,12.68,,-2,,
1269,12.69,,-3,,
1270,12.7,,-4,,
1271,12.71,,-6,,
1272,12.72,,-7,,
1273,12.73,,-8,,
1274,12.74,,-9,,
1275,12.75,,-10,,
1276,12.76,,-11,,
1277,12.77,,-12,,
1278,12.78,,-13,,
1279,12.79,,-14,,
1280,12.8,,-15,,
1281,12.81,,-16,,
1282,12.82,,-16,,
1283,12.83,,-17,,
1284,12.84,,-18,,
1285,12.85,,-18,,
1286,12.86,,-18,,
1287,12.87,,-19,,
1288,12.88,,-19,,
1289,12.89,,-19,,
1290,12.9,,-20,,
1291,12.91,,-20,,
1292,12.92,,-20,,
1293,12.93,,-20,,
1294,12.94,,-20,,
1295,12.95,,-19,,
1296,12.96,,-19,,
1297,12.97,,-18,,
1298,12.98,,-18,,
1299,12.99,,-18,,
1300,13,,-17,,
1301,13.01,,-16,,
1302,13.02,,-16,,
1303,13.03,,-15,,
1304,13.04,,-14,,
1305,13.05,,-13,,
1306,13.06,,-12,,
1307,13.07,,-12,,
1308,13.08,,-10,,
1309,13.09,,-10,,
1310,13.1,,-8,,
1311,13.11,,-7,,
1312,13.12,,-6,,
1313,13.13,,-5,,
1314,13.14,,-4,,
1315,13.15,,-3,,
1316,13.16,,-2,,
1317,13.17,,0,,
1318,13.18,,1,,
1319,13.19,,2,,
1320,13.2,,3,,
1321,13.21,,4,,
1322,13.22,,5,,
1323,13.23,,6,,
1324,13.24,,8,,
1325,13.25,,8,,
1326,13.26,,10,,
1327,13.27,,10,,
1328,13.28,,12,,
1329,13.29,,12,,
1330,13.3,,13,,
1331,13.31,,14,,
1332,13.32,,14,,
1333,13.33,,15,,
1334,13.34,,16,,
1335,13.35,,16,,
1336,13.36,,17,,
1337,13.37,,17,,
1338,13.38,,18,,
1339,13.39,,18,,
1340,13.4,,18,,
1341,13.41,,18,,
1342,13.42,,18,,
1343,13.43,,18,,
1344,13.44,,18,,
1345,13.45,,18,,
1346,13.46,,18,,
1347,13.47,,18,,
1348,13.48,,17,,
1349,13.49,,17,,
1350,13.5,,16,,
1351,13.51,,16,,
1352,13.52,,15,,
1353,13.53,,14,,
1354,13.54,,14,,
1355,13.55,,13,,
1356,13.56,,12,,
1357,13.57,,12,,
1358,13.58,,10,,
1359,13.59,,10,,
1360,13.6,,9,,
1361,13.61,,8,,
1362,13.62,,7,,
1363,13.63,,6,,
1364,13.64,,4,,
1365,13.65,,4,,
1366,13.66,,2,,
1367,13.67,,1,,
1368,13.68,,0,,
1369,13.69,,-1,,
1370,13.7,,-2,,
1371,13.71,,-3,,
1372,13.72,,-4,,
1373,13.73,,-5,,
1374,13.74,,-6,,
1375,13.75,,-7,,
1376,13.76,,-8,,
1377,13.77,,-9,,
1378,13.78,,-10,,
1379,13.79,,-11,,
1380,13.8,,-12,,
1381,13.81,,-12,,
1382,13.82,,-13,,
1383,13.83,,-14,,
1384,13.84,,-14,,
1385,13.85,,-15,,
1386,13.86,,-15,,
1387,13.87,,-16,,
1388,13.88,,-16,,
1389,13.89,,-16,,
1390,13.9,,-17,,
1391,13.91,,-17,,
1392,13.92,,-17,,
1393,13.93,,-17,,
1394,13.94,,-17,,
1395,13.95,,-17,,
1396,13.96,,-17,,
1397,13.97,,-16,,
1398,13.98,,-16,,
1399,13.99,,-16,,
1400,14,,-16,,
1401,14.01,,-15,,
1402,14.02,,-15,,
1403,14.03,,-14,,
1404,14.04,,-14,,
1405,14.05,,-13,,
1406,14.06,,-12,,
1407,14.07,,-12,,
1408,14.08,,-10,,
1409,14.09,,-10,,
1410,14.1,,-9,,
1411,14.11,,-8,,
1412,14.12,,-7,,
1413,14.13,,-6,,
1414,14.14,,-5,,
1415,14.15,,-4,,
1416,14.16,,-3,,
1417,14.17,,-2,,
1418,14.18,,-1,,
1419,14.19,,0,,
1420,14.2,,1,,
1421,14.21,,2,,
1422,14.22,,3,,
1423,14.23,,4,,
1424,14.24,,5,,
1425,14.25,,6,,
1426,14.26,,7,,
1427,14.27,,8,,
1428,14.28,,8,,
1429,14.29,,9,,
1430,14.3,,10,,
1431,14.31,,11,,
1432,14.32,,12,,
1433,14.33,,12,,
1434,14.34,,13,,
1435,14.35,,13,,
1436,14.36,,14,,
1437,14.37,,14,,
1438,14.38,,15,,
1439,14.39,,15,,
1440,14.4,,15,,
1441,14.41,,16,,
1442,14.42,,16,,
1443,14.43,,16,,
1444,14.44,,16,,
1445,14.45,,16,,
1446,14.46,,16,,
1447,14.47,,16,,
1448,14.48,,15,,
1449,14.49,,15,,
1450,14.5,,15,,
1451,14.51,,14,,
1452,14.52,,14,,
1453,14.53,,14,,
1454,14.54,,13,,
1455,14.55,,12,,
1456,14.56,,12,,
1457,14.57,,11,,
1458,14.58,,10,,
1459,14.59,,10,,
1460,14.6,,9,,
1461,14.61,,8,,
1462,14.62,,8,,
1463,14.63,,6,,
1464,14.64,,6,,
1465,14.65,,5,,
1466,14.66,,4,,
1467,14.67,,3,,
1468,14.68,,2,,
1469,14.69,,1,,
1470,14.7,,0,,
1471,14.71,,-1,,
1472,14.72,,-2,,
1473,14.73,,-3,,
1474,14.74,,-4,,
1475,14.75,,-4,,
1476,14.76,,-5,,
1477,14.77,,-6,,
1478,14.78,,-7,,
1479,14.79,,-8,,
1480,14.8,,-8,,
1481,14.81,,-9,,
1482,14.82,,-10,,
1483,14.83,,-11,,
1484,14.84,,-11,,
1485,14.85,,-12,,
1486,14.86,,-12,,
1487,14.87,,-13,,
1488,14.88,,-13,,
1489,14.89,,-14,,
1490,14.9,,-14,,
1491,14.91,,-14,,
1492,14.92,,-14,,
1493,14.93,,-14,,
1494,14.94,,-14,,
1495,14.95,,-15,,
1496,14.96,,-15,,
1497,14.97,,-14,,
1498,14.98,,-14,,
1499,14.99,,-14,,
1500,15,,-14,,
1501,15.01,,-14,,
1502,15.02,,-13,,
1503,15.03,,-13,,
1504,15.04,,-12,,
1505,15.05,,-12,,
1506,15.06,,-12,,
1507,15.07,,-11,,
1508,15.08,,-10,,
1509,15.09,,-10,,
1510,15.1,,-9,,
1511,15.11,,-8,,
1512,15.12,,-8,,
1513,15.13,,-7,,
1514,15.14,,-6,,
1515,15.15,,-5,,
1516,15.16,,-4,,
1517,15.17,,-4,,
1518,15.18,,-3,,
1519,15.19,,-2,,
1520,15.2,,-1,,
1521,15.21,,0,,
1522,15.22,,1,,
1523,15.23,,2,,
1524,15.24,,2,,
1525,15.25,,4,,
1526,15.26,,4,,
1527,15.27,,5,,
1528,15.28,,6,,
1529,15.29,,6,,
1530,15.3,,7,,
1531,15.31,,8,,
1532,15.32,,9,,
1533,15.33,,9,,
1534,15.34,,10,,
1535,15.35,,10,,
1536,15.36,,11,,
1537,15.37,,12,,
1538,15.38,,12,,
1539,15.39,,12,,
1540,15.4,,12,,
1541,15.41,,13,,
1542,15.42,,13,,
1543,15.43,,13,,
1544,15.44,,14,,
1545,15.45,,14,,
1546,15.46,,14,,
1547,15.47,,14,,
1548,15.48,,14,,
1549,15.49,,14,,
1550,15.5,,13,,
1551,15.51,,13,,
1552,15.52,,13,,
1553,15.53,,12,,
1554,15.54,,12,,
1555,15.55,,12,,
1556,15.56,,11,,
1557,15.57,,11,,
1558,15.58,,10,,
1559,15.59,,10,,
1560,15.6,,9,,
1561,15.61,,8,,
1562,15.62,,8,,
1563,15.63,,7,,
1564,15.64,,6,,
1565,15.65,,6,,
1566,15.66,,5,,
1567,15.67,,4,,
1568,15.68,,3,,
1569,15.69,,2,,
1570,15.7,,2,,
1571,15.71,,1,,
1572,15.72,,0,,
1573,15.73,,-1,,
1574,15.74,,-2,,
1575,15.75,,-2,,
1576,15.76,,-3,,
1577,15.77,,-4,,
1578,15.78,,-5,,
1579,15.79,,-6,,
1580,15.8,,-6,,
1581,15.81,,-7,,
1582,15.82,,-8,,
1583,15.83,,-8,,
1584,15.84,,-9,,
1585,15.85,,-9,,
1586,15.86,,-10,,
1587,15.87,,-10,,
1588,15.88,,-11,,
1589,15.89,,-11,,
1590,15.9,,-12,,
1591,15.91,,-12,,
1592,15.92,,-12,,
1593,15.93,,-12,,
1594,15.94,,-12,,
1595,15.95,,-12,,
1596,15.96,,-13,,
1597,15.97,,-13,,
1598,15.98,,-13,,
1599,15.99,,-12,,
1600,16,,-12,,
1601,16.01,,-12,,
1602,16.02,,-12,,
1603,16.03,,-12,,
1604,16.04,,-12,,
1605,16.05,,-11,,
1606,16.06,,-11,,
1607,16.07,,-10,,
1608,16.08,,-10,,
1609,16.09,,-10,,
1610,16.1,,-9,,
1611,16.11,,-8,,
1612,16.12,,-8,,
1613,16.13,,-7,,
1614,16.14,,-6,,
1615,16.15,,-6,,
1616,16.16,,-5,,
1617,16.17,,-4,,
1618,16.18,,-4,,
1619,16.19,,-3,,
1620,16.2,,-2,,
1621,16.21,,-2,,
1622,16.22,,-1,,
1623,16.23,,0,,
1624,16.24,,1,,
1625,16.25,,2,,
1626,16.26,,2,,
1627,16.27,,3,,
1628,16.28,,4,,
1629,16.29,,4,,
1630,16.3,,5,,
1631,16.31,,6,,
1632,16.32,,6,,
1633,16.33,,7,,
1634,16.34,,8,,
1635,16.35,,8,,
1636,16.36,,8,,
1637,16.37,,9,,
1638,16.38,,10,,
1639,16.39,,10,,
1640,16.4,,10,,
1641,16.41,,10,,
1642,16.42,,11,,
1643,16.43,,11,,
1644,16.44,,11,,
1645,16.45,,12,,
1646,16.46,,12,,
1647,16.47,,12,,
1648,16.48,,12,,
1649,16.49,,12,,
1650,16.5,,12,,
1651,16.51,,12,,
1652,16.52,,12,,
1653,16.53,,11,,
1654,16.54,,11,,
1655,16.55,,11,,
1656,16.56,,10,,
1657,16.57,,10,,
1658,16.58,,10,,
1659,16.59,,9,,
1660,16.6,,9,,
1661,16.61,,8,,
1662,16.62,,8,,
1663,16.63,,7,,
1664,16.64,,6,,
1665,16.65,,6,,
1666,16.66,,5,,
1667,16.67,,5,,
1668,16.68,,4,,
1669,16.69,,3,,
1670,16.7,,3,,
1671,16.71,,2,,
1672,16.72,,1,,
1673,16.73,,1,,
1674,16.74,,0,,
1675,16.75,,-1,,
1676,16.76,,-2,,
1677,16.77,,-2,,
1678,16.78,,-3,,
1679,16.79,,-4,,
1680,16.8,,-4,,
1681,16.81,,-5,,
1682,16.82,,-5,,
1683,16.83,,-6,,
1684,16.84,,-6,,
1685,16.85,,-7,,
1686,16.86,,-8,,
1687,16.87,,-8,,
1688,16.88,,-8,,
1689,16.89,,-9,,
1690,16.9,,-9,,
1691,16.91,,-10,,
1692,16.92,,-10,,
1693,16.93,,-10,,
1694,16.94,,-10,,
1695,16.95,,-10,,
1696,16.96,,-11,,
1697,16.97,,-11,,
1698,16.98,,-11,,
1699,16.99,,-11,,
1700,17,,-11,,
1701,17.01,,-11,,
1702,17.02,,-11,,
1703,17.03,,-11,,
1704,17.04,,-10,,
1705,17.05,,-10,,
1706,17.06,,-10,,
1707,17.07,,-10,,
1708,17.08,,-9,,
1709,17.09,,-9,,
1710,17.1,,-8,,
1711,17.11,,-8,,
1712,17.12,,-8,,
1713,17.13,,-7,,
1714,17.14,,-7,,
1715,17.15,,-6,,
1716,17.16,,-6,,
1717,17.17,,-5,,
1718,17.18,,-4,,
1719,17.19,,-4,,
1720,17.2,,-3,,
1721,17.21,,-2,,
1722,17.22,,-2,,
1723,17.23,,-1,,
1724,17.24,,0,,
1725,17.25,,0,,
1726,17.26,,1,,
1727,17.27,,1,,
1728,17.28,,2,,
1729,17.29,,2,,
1730,17.3,,3,,
1731,17.31,,4,,
1732,17.32,,4,,
1733,17.33,,5,,
1734,17.34,,6,,
1735,17.35,,6,,
1736,17.36,,6,,
1737,17.37,,7,,
1738,17.38,,8,,
1739,17.39,,8,,
1740,17.4,,8,,
1741,17.41,,8,,
1742,17.42,,9,,
1743,17.43,,9,,
1744,17.44,,9,,
1745,17.45,,10,,
1746,17.46,,10,,
1747,17.47,,10,,
1748,17.48,,10,,
1749,17.49,,10,,
1750,17.5,,10,,
1751,17.51,,10,,
1752,17.52,,10,,
1753,17.53,,10,,
1754,17.54,,10,,
1755,17.55,,10,,
1756,17.56,,10,,
1757,17.57,,9,,
1758,17.58,,9,,
1759,17.59,,8,,
1760,17.6,,8,,
1761,17.61,,8,,
1762,17.62,,8,,
1763,17.63,,7,,
1764,17.64,,6,,
1765,17.65,,6,,
1766,17.66,,6,,
1767,17.67,,5,,
1768,17.68,,4,,
1769,17.69,,4,,
1770,17.7,,4,,
1771,17.71,,3,,
1772,17.72,,2,,
1773,17.73,,2,,
1774,17.74,,1,,
1775,17.75,,0,,
1776,17.76,,0,,
1777,17.77,,-1,,
1778,17.78,,-1,,
1779,17.79,,-2,,
1780,17.8,,-2,,
1781,17.81,,-3,,
1782,17.82,,-4,,
1783,17.83,,-4,,
1784,17.84,,-4,,
1785,17.85,,-5,,
1786,17.86,,-6,,
1787,17.87,,-6,,
1788,17.88,,-6,,
1789,17.89,,-7,,
1790,17.9,,-7,,
1791,17.91,,-8,,
1792,17.92,,-8,,
1793,17.93,,-8,,
1794,17.94,,-8,,
1795,17.95,,-9,,
1796,17.96,,-9,,
1797,17.97,,-9,,
1798,17.98,,-9,,
1799,17.99,,-9,,
1800,18,,-9,,
1801,18.01,,-10,,
1802,18.02,,-10,,
1803,18.03,,-10,,
1804,18.04,,-9,,
1805,18.05,,-9,,
1806,18.06,,-9,,
1807,18.07,,-9,,
1808,18.08,,-9,,
1809,18.09,,-8,,
1810,18.1,,-8,,
1811,18.11,,-8,,
1812,18.12,,-8,,
1813,18.13,,-7,,
1814,18.14,,-7,,
1815,18.15,,-6,,
1816,18.16,,-6,,
1817,18.17,,-6,,
1818,18.18,,-5,,
1819,18.19,,-4,,
1820,18.2,,-4,,
1821,18.21,,-3,,
1822,18.22,,-3,,
1823,18.23,,-2,,
1824,18.24,,-2,,
1825,18.25,,-1,,
1826,18.26,,-1,,
1827,18.27,,0,,
1828,18.28,,0,,
1829,18.29,,1,,
1830,18.3,,2,,
1831,18.31,,2,,
1832,18.32,,3,,
1833,18.33,,3,,
1834,18.34,,4,,
1835,18.35,,4,,
1836,18.36,,4,,
1837,18.37,,5,,
1838,18.38,,6,,
1839,18.39,,6,,
1840,18.4,,6,,
1841,18.41,,6,,
1842,18.42,,7,,
1843,18.43,,7,,
1844,18.44,,8,,
1845,18.45,,8,,
1846,18.46,,8,,
1847,18.47,,8,,
1848,18.48,,8,,
1849,18.49,,8,,
1850,18.5,,8,,
1851,18.51,,8,,
1852,18.52,,8,,
1853,18.53,,8,,
1854,18.54,,8,,
1855,18.55,,8,,
1856,18.56,,8,,
1857,18.57,,8,,
1858,18.58,,8,,
1859,18.59,,8,,
1860,18.6,,8,,
1861,18.61,,7,,
1862,18.62,,7,,
1863,18.63,,7,,
1864,18.64,,6,,
1865,18.65,,6,,
1866,18.66,,6,,
1867,18.67,,5,,
1868,18.68,,5,,
1869,18.69,,4,,
1870,18.7,,4,,
1871,18.71,,4,,
1872,18.72,,3,,
1873,18.73,,2,,
1874,18.74,,2,,
1875,18.75,,2,,
1876,18.76,,1,,
1877,18.77,,0,,
1878,18.78,,0,,
1879,18.79,,0,,
1880,18.8,,-1,,
1881,18.81,,-2,,
1882,18.82,,-2,,
1883,18.83,,-2,,
1884,18.84,,-3,,
1885,18.85,,-4,,
1886,18.86,,-4,,
1887,18.87,,-4,,
1888,18.88,,-5,,
1889,18.89,,-5,,
1890,18.9,,-6,,
1891,18.91,,-6,,
1892,18.92,,-6,,
1893,18.93,,-6,,
1894,18.94,,-7,,
1895,18.95,,-7,,
1896,18.96,,-7,,
1897,18.97,,-8,,
1898,18.98,,-8,,
1899,18.99,,-8,,
1900,19,,-8,,
1901,19.01,,-8,,
1902,19.02,,-8,,
1903,19.03,,-8,,
1904,19.04,,-8,,
1905,19.05,,-8,,
1906,19.06,,-8,,
1907,19.07,,-8,,
1908,19.08,,-8,,
1909,19.09,,-8,,
1910,19.1,,-8,,
1911,19.11,,-7,,
1912,19.12,,-7,,
1913,19.13,,-7,,
1914,19.14,,-6,,
1915,19.15,,-6,,
1916,19.16,,-6,,
1917,19.17,,-6,,
1918,19.18,,-5,,
1919,19.19,,-5,,
1920,19.2,,-4,,
1921,19.21,,-4,,
1922,19.22,,-3,,
1923,19.23,,-3,,
1924,19.24,,-2,,
1925,19.25,,-2,,
1926,19.26,,-2,,
1927,19.27,,-1,,
1928,19.28,,0,,
1929,19.29,,0,,
1930,19.3,,0,,
1931,19.31,,1,,
1932,19.32,,1,,
1933,19.33,,2,,
1934,19.34,,2,,
1935,19.35,,3,,
1936,19.36,,3,,
1937,19.37,,4,,
1938,19.38,,4,,
1939,19.39,,4,,
1940,19.4,,5,,
1941,19.41,,5,,
1942,19.42,,5,,
1943,19.43,,6,,
1944,19.44,,6,,
1945,19.45,,6,,
1946,19.46,,6,,
1947,19.47,,7,,
1948,19.48,,7,,
1949,19.49,,7,,
1950,19.5,,7,,
1951,19.51,,7,,
1952,19.52,,7,,
1953,19.53,,7,,
1954,19.54,,7,,
1955,19.55,,7,,
1956,19.56,,7,,
1957,19.57,,7,,
1958,19.58,,7,,
1959,19.59,,7,,
1960,19.6,,7,,
1961,19.61,,7,,
1962,19.62,,6,,
1963,19.63,,6,,
1964,19.64,,6,,
1965,19.65,,6,,
1966,19.66,,6,,
1967,19.67,,5,,
1968,19.68,,5,,
1969,19.69,,4,,
1970,19.7,,4,,
1971,19.71,,4,,
1972,19.72,,3,,
1973,19.73,,3,,
1974,19.74,,2,,
1975,19.75,,2,,
1976,19.76,,2,,
1977,19.77,,1,,
1978,19.78,,1,,
1979,19.79,,0,,
1980,19.8,,0,,
1981,19.81,,0,,
1982,19.82,,-1,,
1983,19.83,,-2,,
1984,19.84,,-2,,
1985,19.85,,-2,,
1986,19.86,,-3,,
1987,19.87,,-3,,
1988,19.88,,-4,,
1989,19.89,,-4,,
1990,19.9,,-4,,
1991,19.91,,-4,,
1992,19.92,,-5,,
1993,19.93,,-5,,
1994,19.94,,-6,,
1995,19.95,,-6,,
1996,19.96,,-6,,
1997,19.97,,-6,,
1998,19.98,,-6,,
1999,19.99,,-6,,
2000,20,,-6,,
